game_id,timestamp,depth,white_evaluator,black_evaluator,plies,winner,elapsed_ms,moves
1,2026-09-26T17:34:22.482117,5,Classic,Classic,57,White,4127,"A1(1);D4(1);A4(1);D1(1);A2(1);A3(1);D2(1);B3(1);A2(2);B2(1);A3(2);A2(3);A4(2);A1(2);A3(3);B2(2);D4(2);B3(2);B3(3);B4(1);B1(1);D3(1);C3(1);B4(2);B1(2);B4(3);B4(4);B2(3);B2(4);C3(2);C3(3);D1(2);D1(3);B3(4);D1(4);C4(1);C4(2);D2(2);C3(4);D4(3);D3(2);D3(3);D4(4);C4(3);A4(3);A4(4);D3(4);C4(4);C1(1);A3(4);A2(4);C2(1);C1(2);C1(3);C1(4);D2(3);D2(4)"
2,2026-09-26T17:34:24.579748,5,Classic,Classic,43,White,2086,"D4(1);D1(1);A1(1);A4(1);B3(1);B3(2);B2(1);C3(1);A1(2);C2(1);B2(2);C1(1);C4(1);C2(2);C3(2);D4(2);B2(3);B2(4);A1(3);C2(3);C2(4);D1(2);A4(2);D1(3);D1(4);A4(3);B3(3);D2(1);C4(2);C4(3);A4(4);A3(1);D2(2);D3(1);A2(1);A1(4);B1(1);D2(3);B1(2);D3(2);D2(4);D3(3);B3(4)"
3,2026-09-26T17:34:29.927882,5,Classic,Classic,55,White,5337,"D4(1);A1(1);A4(1);D1(1);B4(1);C4(1);B1(1);C2(1);B4(2);B2(1);C4(2);B4(3);D4(2);A4(2);C4(3);C2(2);C2(3);D1(2);B2(2);A2(1);D2(1);A1(2);B1(2);B1(3);B2(3);A2(2);A2(3);D1(3);D1(4);C1(1);C3(1);C1(2);C1(3);C4(4);B1(4);C1(4);D3(1);B4(4);D2(2);D2(3);D3(2);D3(3);D4(3);D4(4);C2(4);B2(4);D3(4);A3(1);A3(2);A3(3);A3(4);A2(4);D2(4);C3(2);C3(3)"
4,2026-09-26T17:34:34.230322,5,Classic,Classic,55,White,4253,"A1(1);D4(1);A4(1);D1(1);A3(1);A2(1);D3(1);C2(1);A3(2);C3(1);A2(2);A3(3);A1(2);A4(2);A2(3);C2(2);C2(3);D1(2);C3(2);D2(1);B2(1);D4(2);D3(2);D3(3);C3(3);D2(2);D2(3);C4(1);C1(1);C4(2);C4(3);D1(3);D1(4);A2(4);D3(4);D2(4);B1(1);A3(4);A1(3);A1(4);B1(2);B1(3);C1(2);C1(3);C2(4);C3(4);B1(4);B4(1);B4(2);B4(3);B4(4);A4(3);A4(4);D4(3);D4(4)"
5,2026-09-26T17:34:37.720577,5,Classic,Classic,42,Black,3488,"A4(1);D1(1);A4(2);A1(1);D4(1);C1(1);B1(1);C4(1);B3(1);C1(2);C1(3);D1(2);B1(2);B1(3);D1(3);A1(2);C3(1);C3(2);B3(2);B3(3);D3(1);A3(1);B4(1);B2(1);B1(4);B4(2);D4(2);C2(1);C4(2);B4(3);D1(4);C1(4);D3(2);D3(3);D2(1);C3(3);B3(4);D4(3);D4(4);C4(3);B2(2);A4(3)"
6,2026-09-26T17:34:42.05478,5,Classic,Classic,40,Black,4332,"A4(1);D1(1);A4(2);A1(1);D4(1);C1(1);B1(1);C4(1);B3(1);C1(2);C1(3);A1(2);D1(2);C3(1);C2(1);C2(2);B2(1);B4(1);C4(2);C3(2);D2(1);A2(1);D4(2);B4(2);B4(3);C3(3);C3(4);B2(2);A1(3);B3(2);B1(2);B2(3);A1(4);A2(2);D2(2);C2(3);D3(1);D3(2);D4(3);D4(4)"
7,2026-09-26T17:34:45.827033,5,Classic,Classic,27,White,3732,"D4(1);D1(1);A1(1);A4(1);C2(1);C2(2);C3(1);B2(1);A1(2);B3(1);C3(2);B4(1);B1(1);B3(2);C4(1);C1(1);B2(2);D4(2);C3(3);C3(4);D4(3);A4(2);D1(2);B3(3);B3(4);B4(2);D4(4)"
8,2026-09-26T17:34:52.725098,5,Classic,Classic,55,White,6892,"D1(1);A4(1);D4(1);A1(1);D3(1);D2(1);A3(1);C2(1);D3(2);C3(1);D2(2);D3(3);D1(2);D4(2);D2(3);C3(2);A1(2);C2(2);C3(3);C4(1);C1(1);C2(3);C2(4);A2(1);B2(1);C4(2);C1(2);A4(2);D3(4);B2(2);D2(4);A4(3);A4(4);C4(3);C4(4);B4(1);B4(2);A2(2);D4(3);A2(3);A2(4);A1(3);A1(4);A3(2);A3(3);B4(3);B2(3);C3(4);D4(4);A3(4);B3(1);B2(4);D1(3);B3(2);B4(4)"
9,2026-09-26T17:34:57.320159,5,Classic,Classic,58,Black,4581,"A1(1);D4(1);A1(2);A1(3);A4(1);D1(1);A4(2);A2(1);A2(2);A4(3);D2(1);A4(4);A2(3);D1(2);A1(4);D4(2);D4(3);D2(2);D4(4);C3(1);D1(3);B3(1);A3(1);A3(2);D2(3);B3(2);B3(3);C4(1);D1(4);C3(2);C3(3);C4(2);C1(1);B4(1);C4(3);B4(2);B4(3);B1(1);B2(1);B2(2);B1(2);B2(3);C4(4);D2(4);B2(4);C3(4);C1(2);C1(3);C1(4);A3(3);A2(4);B4(4);C2(1);C2(2);C2(3);A3(4);D3(1);D3(2)"
10,2026-09-26T17:34:59.828587,5,Classic,Classic,31,White,2505,"D4(1);A4(1);A1(1);D1(1);C2(1);C2(2);C3(1);B2(1);A1(2);B3(1);C3(2);B4(1);B1(1);B3(2);C4(1);C1(1);C3(3);C3(4);B2(2);D4(2);A1(3);B3(3);B3(4);A4(2);D1(2);C4(2);B4(2);A4(3);A4(4);C2(3);A1(4)"
11,2026-09-26T17:35:02.642044,5,Classic,Classic,27,White,2811,"D1(1);A1(1);A4(1);D4(1);B2(1);B2(2);B3(1);C2(1);A4(2);C3(1);B3(2);C4(1);C1(1);C3(2);B3(3);B3(4);C2(2);D1(2);A4(3);C3(3);C3(4);A1(2);D4(2);D4(3);D4(4);A1(3);A4(4)"
12,2026-09-26T17:35:06.871769,5,Classic,Classic,27,White,4225,"A1(1);D1(1);D4(1);A4(1);C2(1);C2(2);C3(1);B2(1);D4(2);B3(1);C3(2);B4(1);B1(1);B3(2);C3(3);C3(4);B2(2);A1(2);D4(3);A4(2);D1(2);B3(3);B3(4);A4(3);A4(4);C2(3);D4(4)"
13,2026-09-26T17:35:10.953847,5,Classic,Classic,27,White,4080,"A4(1);D4(1);D1(1);A1(1);C3(1);C3(2);C2(1);B3(1);D1(2);B2(1);C2(2);B1(1);B4(1);B2(2);B3(2);A4(2);C2(3);C2(4);D1(3);D4(2);A1(2);D4(3);D4(4);B2(3);B2(4);A1(3);D1(4)"
14,2026-09-26T17:35:14.474345,5,Classic,Classic,45,White,3519,"A4(1);D1(1);A1(1);D4(1);A2(1);A3(1);D2(1);B3(1);A2(2);B2(1);A3(2);A2(3);A4(2);A1(2);A3(3);B2(2);D4(2);B3(2);B3(3);B2(3);B2(4);D3(1);C3(1);A1(3);A1(4);B4(1);B1(1);B4(2);B1(2);D1(2);D1(3);D4(3);D1(4);D3(2);D4(4);B3(4);B4(3);B1(3);B1(4);A3(4);D3(3);D3(4);C1(1);C3(2);C3(3)"
15,2026-09-26T17:35:19.851639,5,Classic,Classic,55,White,5373,"A1(1);D4(1);A4(1);D1(1);A2(1);A3(1);D2(1);C3(1);A2(2);C2(1);A3(2);A2(3);A4(2);A1(2);A3(3);C3(2);C3(3);D4(2);C2(2);C1(1);C4(1);D1(2);D2(2);D2(3);C2(3);C1(2);C1(3);D3(1);B3(1);D4(3);D4(4);D3(2);D3(3);A3(4);D2(4);D3(4);B4(1);A2(4);A4(3);A4(4);B4(2);B4(3);C4(2);C4(3);C3(4);C2(4);B4(4);B1(1);B1(2);B1(3);B1(4);C1(4);C4(4);D1(3);D1(4)"
16,2026-09-26T17:35:22.097563,5,Classic,Classic,27,White,2244,"A4(1);D4(1);D1(1);A1(1);B2(1);B2(2);C2(1);B3(1);A4(2);C3(1);C2(2);D3(1);A3(1);C3(2);C2(3);C2(4);B3(2);D1(2);A4(3);C3(3);C3(4);D4(2);A1(2);D4(3);D4(4);B2(3);A4(4)"
17,2026-09-26T17:35:24.493142,5,Classic,Classic,31,White,2394,"D4(1);D1(1);A1(1);A4(1);C2(1);C2(2);B2(1);C3(1);A1(2);B3(1);B2(2);A3(1);D3(1);B3(2);B2(3);B2(4);A2(1);D2(1);C3(2);D4(2);A1(3);B3(3);B3(4);D1(2);A4(2);D3(2);D2(2);D1(3);D1(4);A4(3);A1(4)"
18,2026-09-26T17:35:29.514668,5,Classic,Classic,37,White,5020,"A1(1);A4(1);D4(1);D1(1);C2(1);C2(2);C3(1);B2(1);D4(2);B3(1);C3(2);B4(1);B1(1);B3(2);B2(2);A1(2);C3(3);C3(4);D4(3);B3(3);B3(4);A4(2);D1(2);A4(3);A4(4);D1(3);C2(3);A3(1);A1(3);A1(4);D2(1);D2(2);B4(2);D4(4);D1(4);B2(3);C2(4)"
19,2026-09-26T17:35:33.027923,5,Classic,Classic,27,White,3511,"D4(1);A4(1);A1(1);D1(1);B3(1);B3(2);B2(1);C3(1);D4(2);C2(1);B2(2);C1(1);C4(1);C2(2);B2(3);B2(4);C3(2);A1(2);D4(3);A4(2);D1(2);A4(3);A4(4);C2(3);C2(4);D1(3);D4(4)"
20,2026-09-26T17:35:35.546717,5,Classic,Classic,39,White,2517,"A4(1);D1(1);A4(2);A4(3);A1(1);D4(1);A1(2);A3(1);A3(2);A1(3);D2(1);B3(1);A1(4);D3(1);C3(1);D4(2);D4(3);D2(2);A2(1);C3(2);D4(4);A4(4);C2(1);B4(1);B1(1);B3(2);B3(3);B1(2);C2(2);C3(3);C2(3);C3(4);B3(4);C2(4);D3(2);A3(3);B4(2);A2(2);B2(1)"
21,2026-09-26T17:35:40.366809,5,Classic,Classic,42,Black,4801,"A4(1);D1(1);A4(2);A1(1);D4(1);C1(1);B1(1);C4(1);B3(1);C1(2);C1(3);D1(2);B1(2);B1(3);D1(3);A1(2);C3(1);C3(2);B3(2);B3(3);D3(1);A3(1);B4(1);B2(1);B1(4);B4(2);D4(2);C2(1);C4(2);B4(3);D1(4);C1(4);D3(2);D3(3);D2(1);C3(3);B3(4);D4(3);D4(4);C4(3);B2(2);A4(3)"
22,2026-09-26T17:35:43.736764,5,Classic,Classic,27,White,3312,"A1(1);A4(1);D4(1);D1(1);B3(1);B3(2);B2(1);C3(1);A1(2);C2(1);B2(2);C1(1);C4(1);C2(2);B2(3);B2(4);C3(2);D4(2);A1(3);A4(2);D1(2);A4(3);A4(4);C2(3);C2(4);D1(3);A1(4)"
23,2026-09-26T17:35:48.066689,5,Classic,Classic,38,Black,4317,"A4(1);D1(1);A4(2);A1(1);D4(1);C1(1);B1(1);C4(1);B3(1);C1(2);C1(3);A1(2);D1(2);C3(1);C2(1);C2(2);B2(1);B4(1);C4(2);C3(2);D2(1);A2(1);D4(2);B4(2);B4(3);C3(3);C3(4);B2(2);A1(3);B3(2);B1(2);B2(3);A1(4);A2(2);D2(2);C2(3);D2(3);D2(4)"
24,2026-09-26T17:35:52.594528,5,Classic,Classic,62,Black,4525,"A1(1);D4(1);A4(1);D1(1);A3(1);A2(1);D3(1);B2(1);A3(2);B3(1);A2(2);A3(3);A1(2);A4(2);A2(3);B3(2);D1(2);B2(2);B2(3);B1(1);B4(1);B3(3);B3(4);B1(2);B4(2);D4(2);D4(3);D4(4);B1(3);D3(2);D3(3);D1(3);D1(4);A4(3);A4(4);C2(1);D2(1);A2(4);C3(1);B2(4);D2(2);D2(3);D2(4);C1(1);B1(4);C1(2);C1(3);C1(4);D3(4);A3(4);C4(1);C4(2);C3(2);C3(3);C3(4);C4(3);C4(4);C2(2);C2(3);C2(4);B4(3);B4(4)"
25,2026-09-26T17:35:55.44485,5,Classic,Classic,27,White,2846,"D1(1);D4(1);A4(1);A1(1);B2(1);B2(2);B3(1);C2(1);D1(2);C3(1);B3(2);C4(1);C1(1);C3(2);B3(3);B3(4);C2(2);A4(2);A4(3);D4(2);A1(2);D4(3);D4(4);C3(3);C3(4);B2(3);A4(4)"
26,2026-09-26T17:35:59.980687,5,Classic,Classic,42,Black,4531,"A1(1);D4(1);A1(2);D1(1);A4(1);D3(1);D2(1);A3(1);B2(1);D3(2);D3(3);D4(2);D2(2);D2(3);D4(3);D1(2);B3(1);B3(2);B2(2);B2(3);B4(1);B1(1);A2(1);C2(1);D2(4);A2(2);A4(2);C3(1);A3(2);A2(3);D4(4);D3(4);B4(2);B4(3);C4(1);B3(3);B2(4);A4(3);A4(4);A1(3);C2(2);C2(3)"
27,2026-09-26T17:36:05.573435,5,Classic,Classic,42,Black,5588,"D4(1);A1(1);D4(2);A4(1);D1(1);A2(1);A3(1);D2(1);C3(1);A2(2);A2(3);A1(2);A3(2);A3(3);A1(3);A4(2);C2(1);C2(2);C3(2);C3(3);C1(1);C4(1);D3(1);B3(1);A3(4);D3(2);D1(2);B2(1);D2(2);D3(3);A1(4);A2(4);C1(2);C1(3);B1(1);C2(3);C3(4);D1(3);D1(4);D2(3);B3(2);D4(3)"
28,2026-09-26T17:36:09.392222,5,Classic,Classic,25,White,3814,"A4(1);A1(1);D1(1);D4(1);B2(1);B2(2);C2(1);B3(1);D1(2);C3(1);C2(2);D3(1);A3(1);C3(2);C2(3);C2(4);D2(1);A2(1);B3(2);A4(2);D1(3);C3(3);C3(4);B3(3);D1(4)"
29,2026-09-26T17:36:12.911371,5,Classic,Classic,27,White,3517,"D1(1);A1(1);A4(1);D4(1);B2(1);B2(2);C2(1);B3(1);A4(2);C3(1);C2(2);D3(1);A3(1);C3(2);C2(3);C2(4);B3(2);D1(2);D1(3);A1(2);D4(2);A1(3);A1(4);C3(3);C3(4);D4(3);D1(4)"
30,2026-09-26T17:36:17.209972,5,Classic,Classic,63,White,4291,"A4(1);D1(1);A1(1);D4(1);A2(1);A3(1);D2(1);B3(1);A2(2);B2(1);A3(2);A2(3);A4(2);A1(2);A3(3);B2(2);D4(2);B3(2);B3(3);B2(3);B2(4);D3(1);C3(1);A1(3);A1(4);B4(1);B1(1);B4(2);B1(2);D1(2);D1(3);D4(3);D1(4);D3(2);D4(4);B3(4);B4(3);D3(3);D3(4);C4(1);D2(2);C4(2);C4(3);C1(1);D2(3);D2(4);C4(4);C2(1);B4(4);A2(4);C2(2);C2(3);C2(4);C3(2);C3(3);C3(4);A3(4);B1(3);B1(4);A4(3);C1(2);A4(4);C1(3)"
31,2026-09-26T17:36:21.799038,5,Classic,Classic,46,Black,4583,"A1(1);D4(1);A1(2);A1(3);D1(1);A4(1);D1(2);B1(1);B1(2);D1(3);B4(1);D1(4);B1(3);A1(4);B1(4);A4(2);A4(3);D4(2);D4(3);A4(4);D4(4);C2(1);B2(1);B4(2);B2(2);B2(3);B4(3);A3(1);A3(2);D2(1);D2(2);B3(1);D3(1);C2(2);B3(2);C2(3);C2(4);D2(3);D3(2);D3(3);D2(4);A2(1);C1(1);C1(2);C3(1);C3(2)"
32,2026-09-26T17:36:24.104671,5,Classic,Classic,27,White,2296,"A4(1);D4(1);D1(1);A1(1);B2(1);B2(2);C2(1);B3(1);A4(2);C3(1);C2(2);D3(1);A3(1);C3(2);C2(3);C2(4);B3(2);D1(2);A4(3);D4(2);A1(2);C3(3);C3(4);D4(3);D4(4);B2(3);A4(4)"
33,2026-09-26T17:36:27.853899,5,Classic,Classic,29,White,3747,"A4(1);A1(1);D1(1);D4(1);B2(1);B2(2);B3(1);C2(1);D1(2);C3(1);B3(2);C4(1);C1(1);C3(2);B4(1);B1(1);C2(2);A4(2);B3(3);B3(4);A4(3);C3(3);C3(4);A1(2);D4(2);D4(3);D4(4);B2(3);A4(4)"
34,2026-09-26T17:36:34.438035,5,Classic,Classic,39,White,6578,"A1(1);D4(1);D1(1);A4(1);B1(1);C1(1);B4(1);C2(1);B1(2);B2(1);C1(2);B1(3);D1(2);A1(2);C1(3);B2(2);D4(2);C2(2);B2(3);C2(3);C2(4);C4(1);C3(1);C3(2);C1(4);A2(1);D2(1);A2(2);D2(2);A4(2);A4(3);C3(3);B1(4);A2(3);A2(4);C4(2);B3(1);A3(1);B3(2)"
35,2026-09-26T17:36:38.520318,5,Classic,Classic,41,White,4042,"A4(1);A1(1);D1(1);D4(1);B2(1);B2(2);C2(1);B3(1);A4(2);C3(1);C2(2);D3(1);A3(1);C3(2);C2(3);C2(4);B3(2);D1(2);A4(3);D4(2);A1(2);D4(3);D4(4);C3(3);C3(4);A1(3);B2(3);A3(2);A2(1);A1(4);B2(4);D2(1);D2(2);B4(1);C4(1);D2(3);B3(3);D1(3);A2(2);D1(4);A4(4)"
36,2026-09-26T17:36:41.990911,5,Classic,Classic,27,White,3463,"A4(1);A1(1);D1(1);D4(1);C3(1);C3(2);B3(1);C2(1);A4(2);B2(1);B3(2);A2(1);D2(1);B2(2);B3(3);B3(4);C2(2);D1(2);A4(3);D4(2);A1(2);D4(3);D4(4);B2(3);B2(4);A1(3);A4(4)"
37,2026-09-26T17:36:47.377557,5,Classic,Classic,52,Black,5382,"A1(1);D4(1);D1(1);A4(1);B1(1);C1(1);B4(1);C2(1);B1(2);B2(1);C1(2);B1(3);D1(2);A1(2);C1(3);B2(2);D4(2);C2(2);B2(3);C2(3);C2(4);C4(1);C3(1);C3(2);C1(4);A2(1);D2(1);A2(2);D2(2);A4(2);A4(3);C3(3);B1(4);A3(1);A3(2);C4(2);B2(4);A4(4);A2(3);A3(3);C3(4);A2(4);D4(3);D2(3);D2(4);D4(4);D3(1);D3(2);B3(1);B3(2);D1(3);D1(4)"
38,2026-09-26T17:36:51.569719,5,Classic,Classic,51,White,4186,"D1(1);A4(1);D1(2);D1(3);D4(1);A1(1);D4(2);D2(1);D2(2);D4(3);A2(1);D4(4);D2(3);D1(4);D2(4);A1(2);A1(3);A4(2);A4(3);A2(2);A4(4);B3(1);A2(3);C3(1);D3(1);D3(2);C2(1);C3(2);C3(3);B3(2);B3(3);C2(2);C2(3);A3(1);A3(2);C3(4);C2(4);C1(1);B4(1);C4(1);B2(1);B1(1);A1(4);D3(3);D3(4);B3(4);A2(4);C1(2);C4(2);C1(3);B2(2)"
39,2026-09-26T17:36:56.896724,5,Classic,Classic,55,White,5325,"A4(1);D1(1);A1(1);D4(1);A3(1);A2(1);D3(1);C2(1);A3(2);C3(1);A2(2);A3(3);A1(2);A4(2);A2(3);C2(2);C2(3);D1(2);C3(2);D2(1);B2(1);D4(2);D3(2);D3(3);C3(3);D2(2);D2(3);C4(1);C1(1);C4(2);C4(3);D1(3);D1(4);A2(4);D3(4);D2(4);B1(1);A3(4);C1(2);C1(3);B1(2);B1(3);A1(3);A1(4);C2(4);C3(4);B1(4);B4(1);B4(2);B4(3);B4(4);A4(3);A4(4);D4(3);D4(4)"
40,2026-09-26T17:36:59.653286,5,Classic,Classic,27,White,2752,"A4(1);D4(1);D1(1);A1(1);C3(1);C3(2);B3(1);C2(1);A4(2);B2(1);B3(2);A2(1);D2(1);B2(2);B3(3);B3(4);C2(2);D1(2);A4(3);A1(2);D4(2);A1(3);A1(4);B2(3);B2(4);C3(3);A4(4)"
41,2026-09-26T17:37:03.583865,5,Classic,Classic,27,White,3926,"A1(1);A4(1);D4(1);D1(1);B3(1);B3(2);B2(1);C3(1);D4(2);C2(1);B2(2);C1(1);C4(1);C2(2);B2(3);B2(4);C3(2);A1(2);D4(3);D1(2);A4(2);C2(3);C2(4);D1(3);D1(4);B3(3);D4(4)"
42,2026-09-26T17:37:07.208825,5,Classic,Classic,29,White,3623,"D4(1);A4(1);A1(1);D1(1);B3(1);B3(2);B2(1);C3(1);D4(2);C2(1);B2(2);C1(1);C4(1);C2(2);B1(1);B4(1);B2(3);B2(4);C3(2);A1(2);D4(3);C2(3);C2(4);A4(2);D1(2);A4(3);A4(4);B3(3);D4(4)"
43,2026-09-26T17:37:10.75085,5,Classic,Classic,31,White,3538,"A4(1);A1(1);D1(1);D4(1);B2(1);B2(2);B3(1);C2(1);A4(2);C3(1);B3(2);C4(1);C1(1);C3(2);C2(2);D1(2);B4(1);B1(1);B3(3);B3(4);A4(3);A1(2);D4(2);C1(2);B1(2);C3(3);C3(4);A1(3);A1(4);B2(3);A4(4)"
44,2026-09-26T17:37:14.187707,5,Classic,Classic,37,White,3434,"A1(1);D1(1);D4(1);A4(1);C2(1);C2(2);B2(1);C3(1);D4(2);B3(1);B2(2);A3(1);D3(1);B3(2);B2(3);B2(4);C3(2);A1(2);A1(3);A4(2);D1(2);B3(3);B3(4);A4(3);A4(4);D1(3);C2(3);D2(1);D4(3);C3(3);D3(2);A1(4);C3(4);D2(2);D2(3);D4(4);D1(4)"
45,2026-09-26T17:37:19.573422,5,Classic,Classic,55,White,5380,"D1(1);A4(1);D4(1);A1(1);D2(1);D3(1);A2(1);B3(1);D2(2);B2(1);D3(2);D2(3);D4(2);D1(2);D3(3);B3(2);B3(3);A4(2);B2(2);A3(1);C3(1);A1(2);A2(2);A2(3);B2(3);A3(2);A3(3);A4(3);A4(4);B1(1);B4(1);B1(2);B1(3);D3(4);A2(4);A3(4);C4(1);D2(4);D4(3);D4(4);C4(2);C4(3);B4(2);B4(3);B3(4);B2(4);C4(4);C1(1);C1(2);C1(3);C1(4);D1(3);D1(4);C2(1);C2(2)"
46,2026-09-26T17:37:24.63973,5,Classic,Classic,41,White,5049,"D4(1);D1(1);A1(1);A4(1);C2(1);C2(2);C3(1);B2(1);D4(2);B3(1);C3(2);B4(1);B1(1);B3(2);C3(3);C3(4);B2(2);A1(2);D4(3);B3(3);B3(4);A4(2);D1(2);A4(3);A4(4);D1(3);C2(3);C1(1);B4(2);C4(1);A1(3);B2(3);C4(2);D1(4);C1(2);C2(4);D2(1);B1(2);A3(1);B4(3);D4(4)"
47,2026-09-26T17:37:28.387588,5,Classic,Classic,27,White,3745,"A1(1);A4(1);D4(1);D1(1);B3(1);B3(2);C3(1);B2(1);A1(2);C2(1);C3(2);D2(1);A2(1);C2(2);C3(3);C3(4);B2(2);D4(2);D4(3);C2(3);C2(4);A4(2);D1(2);A4(3);A4(4);D1(3);D4(4)"
48,2026-09-26T17:37:31.927538,5,Classic,Classic,61,White,3536,"A1(1);D1(1);D4(1);A4(1);B3(1);B3(2);B2(1);C3(1);D4(2);C2(1);B2(2);C1(1);C4(1);C2(2);B1(1);B4(1);C3(2);A1(2);B2(3);B2(4);A1(3);C2(3);C2(4);D1(2);A4(2);B1(2);C1(2);D1(3);D1(4);A4(3);B3(3);A3(1);C4(2);D2(1);D2(2);D3(1);B3(4);B4(2);B4(3);A3(2);C1(3);B1(3);C1(4);B4(4);D2(3);D3(2);A2(1);A3(3);A3(4);A2(2);A2(3);D3(3);D3(4);D2(4);A2(4);C3(3);B1(4);A4(4);D4(3);C3(4);D4(4)"
49,2026-09-26T17:37:37.919768,5,Classic,Classic,37,White,5988,"A1(1);A4(1);D4(1);D1(1);C2(1);C2(2);C3(1);B2(1);D4(2);B3(1);C3(2);B4(1);B1(1);B3(2);B2(2);A1(2);C4(1);C1(1);C3(3);C3(4);D4(3);B3(3);B3(4);A4(2);D1(2);A4(3);A4(4);D1(3);C2(3);D1(4);B4(2);B4(3);C4(2);B2(3);C1(2);B1(2);D4(4)"
50,2026-09-26T17:37:40.191971,5,Classic,Classic,31,White,2267,"D4(1);A4(1);A1(1);D1(1);C2(1);C2(2);B2(1);C3(1);A1(2);B3(1);B2(2);A3(1);D3(1);B3(2);C3(2);D4(2);A2(1);D2(1);B2(3);B2(4);A1(3);B3(3);B3(4);D1(2);A4(2);D2(2);D3(2);A4(3);A4(4);D1(3);A1(4)"
51,2026-09-26T17:37:43.817064,5,Classic,Classic,42,Black,3624,"D1(1);A4(1);D1(2);A1(1);D4(1);A3(1);A2(1);D3(1);C2(1);A3(2);A3(3);A4(2);A2(2);A2(3);A4(3);A1(2);C3(1);C3(2);C2(2);C2(3);C4(1);C1(1);D2(1);B2(1);A2(4);D2(2);D4(2);B3(1);D3(2);D2(3);A4(4);A3(4);C4(2);C4(3);B4(1);C3(3);C2(4);D4(3);D4(4);D3(3);B2(2);B2(3)"
52,2026-09-26T17:37:45.61741,5,Classic,Classic,27,White,1798,"D4(1);D1(1);A1(1);A4(1);C2(1);C2(2);C3(1);B2(1);A1(2);B3(1);C3(2);B4(1);B1(1);B3(2);C3(3);C3(4);B2(2);D4(2);A1(3);D1(2);A4(2);B3(3);B3(4);A4(3);A4(4);C2(3);A1(4)"
53,2026-09-26T17:37:50.798793,5,Classic,Classic,55,White,5180,"A1(1);D4(1);D1(1);A4(1);B1(1);C1(1);B4(1);C3(1);B1(2);B3(1);C1(2);B1(3);D1(2);A1(2);C1(3);C3(2);C3(3);D4(2);B3(2);A3(1);D3(1);A4(2);B4(2);B4(3);B3(3);A3(2);A3(3);D4(3);D4(4);C4(1);C2(1);C4(2);C4(3);C1(4);B4(4);C4(4);D2(1);B1(4);D1(3);D1(4);D2(2);D2(3);D3(2);D3(3);C3(4);B3(4);D2(4);A2(1);A2(2);A2(3);A2(4);A1(3);A1(4);B2(1);B2(2)"
54,2026-09-26T17:37:52.515904,5,Classic,Classic,27,White,1715,"A1(1);D1(1);D4(1);A4(1);B3(1);B3(2);C3(1);B2(1);A1(2);C2(1);C3(2);D2(1);A2(1);C2(2);C3(3);C3(4);B2(2);D4(2);A1(3);A4(2);D1(2);C2(3);C2(4);A4(3);A4(4);B3(3);A1(4)"
55,2026-09-26T17:37:55.918606,5,Classic,Classic,55,White,3397,"D4(1);A1(1);A4(1);D1(1);C4(1);B4(1);C1(1);B2(1);C4(2);C2(1);B4(2);C4(3);A4(2);D4(2);B4(3);B2(2);B2(3);A1(2);C2(2);B1(1);B3(1);D1(2);C1(2);C1(3);C2(3);B1(2);B1(3);D2(1);A2(1);D2(2);D2(3);A1(3);A1(4);B4(4);C1(4);B1(4);A3(1);C4(4);A2(2);A2(3);A3(2);A3(3);A4(3);A4(4);B2(4);C2(4);A3(4);D3(1);D3(2);D3(3);D3(4);D4(3);D4(4);C3(1);C3(2)"
56,2026-09-26T17:38:01.317342,5,Classic,Classic,55,White,5396,"A1(1);D4(1);D1(1);A4(1);B1(1);C1(1);B4(1);C3(1);B1(2);B3(1);C1(2);B1(3);D1(2);A1(2);C1(3);C3(2);C3(3);D4(2);B3(2);C4(1);C2(1);A4(2);B4(2);B4(3);B3(3);C4(2);C4(3);A3(1);D3(1);A3(2);A3(3);A2(1);A2(2);A2(3);D4(3);C1(4);D4(4);B1(4);B4(4);C4(4);C3(4);B3(4);A2(4);A3(4);D2(1);D2(2);D2(3);D2(4);D1(3);D1(4);D3(2);D3(3);D3(4);B2(1);B2(2)"
57,2026-09-26T17:38:04.06987,5,Classic,Classic,27,White,2750,"A4(1);A1(1);D1(1);D4(1);C3(1);C3(2);B3(1);C2(1);D1(2);B2(1);B3(2);A2(1);D2(1);B2(2);B3(3);B3(4);C2(2);A4(2);D1(3);B2(3);B2(4);D4(2);A1(2);D4(3);D4(4);C3(3);D1(4)"
58,2026-09-26T17:38:09.599278,5,Classic,Classic,47,White,5524,"D4(1);A1(1);A4(1);D1(1);B4(1);C4(1);B1(1);C3(1);B4(2);B3(1);C4(2);B4(3);D4(2);A4(2);C4(3);B3(2);D1(2);C3(2);B3(3);A3(1);D3(1);C1(1);C2(1);C3(3);C3(4);A3(2);D3(2);A1(2);B4(4);C2(2);C4(4);D3(3);D3(4);A2(1);A2(2);C1(2);B3(4);C2(3);C2(4);B1(2);A1(3);D1(3);D1(4);A1(4);B1(3);A3(3);A3(4)"
59,2026-09-26T17:38:12.476169,5,Classic,Classic,49,White,2871,"A1(1);A4(1);D4(1);D1(1);B3(1);B3(2);B2(1);C3(1);A1(2);C2(1);B2(2);C1(1);C4(1);C2(2);C3(2);D4(2);B2(3);B2(4);A1(3);D1(2);A4(2);D1(3);D1(4);C2(3);C2(4);A4(3);B3(3);B3(4);A3(1);C4(2);A4(4);A1(4);A2(1);C4(3);C4(4);D3(1);A3(2);D2(1);C3(3);D4(3);C3(4);B1(1);D3(2);A3(3);B1(2);B4(1);B1(3);D4(4);A2(2)"
60,2026-09-26T17:38:15.795966,5,Classic,Classic,57,White,3318,"A4(1);D1(1);D4(1);A1(1);C4(1);B4(1);C1(1);B3(1);C4(2);C3(1);B4(2);C4(3);A4(2);D4(2);B4(3);C3(2);A1(2);B3(2);C3(3);D3(1);A3(1);B1(1);B2(1);B3(3);B3(4);D3(2);A3(2);D1(2);C4(4);D3(3);D3(4);D1(3);D1(4);D2(1);D2(2);D4(3);D2(3);B1(2);D4(4);D2(4);B4(4);B1(3);B1(4);C1(2);C1(3);C3(4);C1(4);B2(2);B2(3);B2(4);A2(1);A2(2);A2(3);A3(3);A3(4);A4(3);A4(4)"
61,2026-09-26T17:38:18.063353,5,Classic,Classic,31,White,2263,"D4(1);A4(1);A1(1);D1(1);B3(1);B3(2);B2(1);C3(1);A1(2);C2(1);B2(2);C1(1);C4(1);C2(2);B2(3);B2(4);B1(1);B4(1);C3(2);D4(2);A1(3);A4(2);D1(2);B4(2);C4(2);C2(3);C2(4);D1(3);D1(4);B3(3);A1(4)"
62,2026-09-26T17:38:22.126168,5,Classic,Classic,31,White,4061,"A4(1);A1(1);D1(1);D4(1);C3(1);C3(2);C2(1);B3(1);D1(2);B2(1);C2(2);B1(1);B4(1);B2(2);C2(3);C2(4);C1(1);C4(1);B3(2);A4(2);D1(3);D4(2);A1(2);C4(2);B4(2);B2(3);B2(4);A1(3);A1(4);D4(3);D1(4)"
63,2026-09-26T17:38:24.472843,5,Classic,Classic,27,White,2343,"D1(1);D4(1);A4(1);A1(1);B2(1);B2(2);C2(1);B3(1);D1(2);C3(1);C2(2);D3(1);A3(1);C3(2);C2(3);C2(4);B3(2);A4(2);D1(3);C3(3);C3(4);A1(2);D4(2);A1(3);A1(4);B2(3);D1(4)"
64,2026-09-26T17:38:26.945667,5,Classic,Classic,27,White,2464,"A1(1);A4(1);D4(1);D1(1);C2(1);C2(2);B2(1);C3(1);D4(2);B3(1);B2(2);A3(1);D3(1);B3(2);B2(3);B2(4);C3(2);A1(2);A1(3);D1(2);A4(2);B3(3);B3(4);D1(3);D1(4);A4(3);A1(4)"
65,2026-09-26T17:38:30.713994,5,Classic,Classic,55,White,3762,"D1(1);A4(1);A1(1);D4(1);C1(1);B1(1);C4(1);B3(1);C1(2);C3(1);B1(2);C1(3);A1(2);D1(2);B1(3);B3(2);B3(3);A4(2);C3(2);D3(1);A3(1);D4(2);C4(2);C4(3);C3(3);D3(2);D3(3);A4(3);A4(4);B4(1);B2(1);B4(2);B4(3);B1(4);C4(4);B4(4);A2(1);C1(4);A3(2);A3(3);A2(2);A2(3);A1(3);A1(4);B3(4);C3(4);A2(4);D2(1);D2(2);D2(3);D2(4);D3(4);A3(4);B2(2);B2(3)"
66,2026-09-26T17:38:33.004973,5,Classic,Classic,29,White,2284,"A1(1);D1(1);D4(1);A4(1);C2(1);C2(2);B2(1);C3(1);D4(2);B3(1);B2(2);A3(1);D3(1);B3(2);A2(1);D2(1);B2(3);B2(4);C3(2);A1(2);A1(3);B3(3);B3(4);D1(2);A4(2);A4(3);A4(4);D1(3);A1(4)"
67,2026-09-26T17:38:36.222453,5,Classic,Classic,55,White,3215,"A1(1);A4(1);D4(1);D1(1);C2(1);C2(2);B2(1);C3(1);D4(2);B3(1);B2(2);A3(1);D3(1);B3(2);B2(3);B2(4);C3(2);A1(2);D4(3);A4(2);D1(2);B3(3);B3(4);A4(3);A4(4);D1(3);C2(3);D2(1);A3(2);D1(4);A1(3);C3(3);A3(3);C2(4);C1(1);C1(2);B1(1);A3(4);C3(4);D3(2);D2(2);B4(1);A2(1);C1(3);C4(1);A1(4);D2(3);A2(2);C4(2);D4(4);B4(2);B1(2);B1(3);B1(4);C1(4)"
68,2026-09-26T17:38:41.027379,5,Classic,Classic,55,White,4801,"D1(1);A4(1);D4(1);A1(1);D2(1);D3(1);A2(1);B3(1);D2(2);B2(1);D3(2);D2(3);D4(2);D1(2);D3(3);B3(2);B3(3);A4(2);B2(2);A3(1);C3(1);A1(2);A2(2);A2(3);B2(3);A3(2);A3(3);A4(3);A4(4);B1(1);B4(1);B1(2);B1(3);D3(4);A2(4);A3(4);C4(1);D2(4);B4(2);B4(3);C4(2);C4(3);D4(3);D4(4);B3(4);B2(4);C4(4);C1(1);C1(2);C1(3);C1(4);B1(4);B4(4);A1(3);A1(4)"
69,2026-09-26T17:38:44.291949,5,Classic,Classic,31,White,3262,"D4(1);A4(1);A1(1);D1(1);C2(1);C2(2);C3(1);B2(1);D4(2);B3(1);C3(2);B4(1);B1(1);B3(2);C3(3);C3(4);C4(1);C1(1);B2(2);A1(2);D4(3);B3(3);B3(4);D1(2);A4(2);C1(2);B1(2);A4(3);A4(4);C2(3);D4(4)"
70,2026-09-26T17:38:46.844397,5,Classic,Classic,53,White,2549,"A4(1);D4(1);D1(1);A1(1);B2(1);B2(2);C2(1);B3(1);A4(2);C3(1);C2(2);D3(1);A3(1);C3(2);C2(3);C2(4);B3(2);D1(2);D1(3);C3(3);C3(4);D4(2);A1(2);D4(3);D4(4);A1(3);B2(3);C1(1);C1(2);B4(1);C1(3);C1(4);A2(1);B3(3);B1(1);B1(2);D3(2);B2(4);B4(2);B4(3);A1(4);A3(2);D3(3);D1(4);B3(4);C4(1);A2(2);D3(4);B4(4);D2(1);A4(3);C4(2);B1(3)"
71,2026-09-26T17:38:49.045943,5,Classic,Classic,27,White,2198,"D4(1);D1(1);A1(1);A4(1);B3(1);B3(2);B2(1);C3(1);A1(2);C2(1);B2(2);C1(1);C4(1);C2(2);B2(3);B2(4);C3(2);D4(2);A1(3);A4(2);D1(2);A4(3);A4(4);C2(3);C2(4);D1(3);A1(4)"
72,2026-09-26T17:38:51.80322,5,Classic,Classic,27,White,2756,"D1(1);D4(1);A4(1);A1(1);C3(1);C3(2);C2(1);B3(1);D1(2);B2(1);C2(2);B1(1);B4(1);B2(2);B3(2);A4(2);C2(3);C2(4);D1(3);B2(3);B2(4);D4(2);A1(2);D4(3);D4(4);C3(3);D1(4)"
73,2026-09-26T17:38:53.880769,5,Classic,Classic,31,White,2077,"A4(1);D4(1);D1(1);A1(1);B2(1);B2(2);B3(1);C2(1);A4(2);C3(1);B3(2);C4(1);C1(1);C3(2);C2(2);D1(2);B4(1);B1(1);B3(3);B3(4);A4(3);A1(2);D4(2);C3(3);C3(4);B1(2);C1(2);D4(3);D4(4);A1(3);A4(4)"
74,2026-09-26T17:38:55.808552,5,Classic,Classic,27,White,1926,"D4(1);A4(1);A1(1);D1(1);B3(1);B3(2);B2(1);C3(1);A1(2);C2(1);B2(2);C1(1);C4(1);C2(2);B2(3);B2(4);C3(2);D4(2);A1(3);D1(2);A4(2);D1(3);D1(4);C2(3);C2(4);B3(3);A1(4)"
75,2026-09-26T17:38:58.015131,5,Classic,Classic,29,White,2203,"D4(1);A4(1);A1(1);D1(1);B3(1);B3(2);B2(1);C3(1);D4(2);C2(1);B2(2);C1(1);C4(1);C2(2);B1(1);B4(1);C3(2);A1(2);B2(3);B2(4);A1(3);A4(2);D1(2);A4(3);A4(4);C2(3);C2(4);D1(3);A1(4)"
76,2026-09-26T17:39:00.233348,5,Classic,Classic,33,White,2209,"D4(1);A4(1);A1(1);D1(1);B3(1);B3(2);C3(1);B2(1);A1(2);C2(1);C3(2);D2(1);A2(1);C2(2);D3(1);A3(1);C3(3);C3(4);B2(2);D4(2);A1(3);C2(3);C2(4);D1(2);A4(2);D2(2);D3(2);D2(3);D2(4);D1(3);D1(4);D3(3);A1(4)"
77,2026-09-26T17:39:03.690512,5,Classic,Classic,29,White,3456,"A4(1);D4(1);D1(1);A1(1);C3(1);C3(2);C2(1);B3(1);D1(2);B2(1);C2(2);B1(1);B4(1);B2(2);C2(3);C2(4);C1(1);C4(1);B3(2);A4(2);D1(3);A1(2);D4(2);B2(3);B2(4);A1(3);A1(4);C3(3);D1(4)"
78,2026-09-26T17:39:06.067507,5,Classic,Classic,23,White,2374,"A1(1);A4(1);D4(1);D1(1);B3(1);B3(2);B2(1);C3(1);A1(2);C2(1);B2(2);C1(1);C4(1);C2(2);B2(3);B2(4);B1(1);B4(1);C3(2);D4(2);A1(3);C3(3);A1(4)"
79,2026-09-26T17:39:11.532443,5,Classic,Classic,53,White,5463,"A1(1);D4(1);D1(1);A4(1);B1(1);C1(1);B4(1);C3(1);B1(2);B3(1);C1(2);B1(3);D1(2);A1(2);C1(3);C3(2);C3(3);D4(2);B3(2);C4(1);C2(1);A4(2);B4(2);B4(3);B3(3);C4(2);C4(3);A3(1);D3(1);A3(2);A3(3);A2(1);A2(2);A2(3);D4(3);C1(4);D4(4);B1(4);B4(4);C4(4);C3(4);B3(4);A2(4);A3(4);D2(1);D2(2);D2(3);D2(4);D3(2);D3(3);D3(4);C2(2);C2(3)"
80,2026-09-26T17:39:13.627498,5,Classic,Classic,23,White,2092,"D1(1);A1(1);A4(1);D4(1);C3(1);C3(2);B3(1);C2(1);A4(2);B2(1);B3(2);A2(1);D2(1);B2(2);C2(2);D1(2);A3(1);D3(1);B3(3);B3(4);A4(3);C2(3);A4(4)"
81,2026-09-26T17:39:16.554753,5,Classic,Classic,27,White,2926,"A4(1);D4(1);D1(1);A1(1);C3(1);C3(2);C2(1);B3(1);D1(2);B2(1);C2(2);B1(1);B4(1);B2(2);B3(2);A4(2);C2(3);C2(4);D1(3);D4(2);A1(2);D4(3);D4(4);B2(3);B2(4);C3(3);D1(4)"
82,2026-09-26T17:39:20.546241,5,Classic,Classic,42,Black,3987,"A4(1);D1(1);A4(2);A1(1);D4(1);C1(1);B1(1);C4(1);B3(1);C1(2);C1(3);D1(2);B1(2);B1(3);D1(3);A1(2);C3(1);C3(2);B3(2);B3(3);B4(1);B2(1);B1(4);B4(2);D3(1);A3(1);D4(2);C2(1);C4(2);B4(3);D1(4);C1(4);D3(2);D3(3);D2(1);C3(3);B3(4);D4(3);D4(4);A4(3);B2(2);B2(3)"
83,2026-09-26T17:39:28.001227,5,Classic,Classic,59,White,7414,"D1(1);A4(1);D4(1);A1(1);D3(1);D2(1);A3(1);C2(1);D3(2);C3(1);D2(2);D3(3);D1(2);D4(2);D2(3);C3(2);A1(2);C2(2);C2(3);C1(1);C4(1);A2(1);B2(1);C1(2);C4(2);C3(3);C3(4);A4(2);A4(3);B2(2);B2(3);C1(3);C1(4);C2(4);A4(4);B1(1);B1(2);A3(2);B2(4);A1(3);A2(2);A2(3);A1(4);B1(3);D1(3);D1(4);A2(4);B1(4);B4(1);B3(1);D2(4);D3(4);A3(3);A3(4);B4(2);B4(3);B4(4);D4(3);D4(4)"
84,2026-09-26T17:39:30.346517,5,Classic,Classic,27,White,2232,"D1(1);D4(1);A4(1);A1(1);B2(1);B2(2);C2(1);B3(1);D1(2);C3(1);C2(2);D3(1);A3(1);C3(2);B3(2);A4(2);C2(3);C2(4);D1(3);C3(3);C3(4);D4(2);A1(2);D4(3);D4(4);B2(3);D1(4)"
85,2026-09-26T17:39:33.684077,5,Classic,Classic,55,White,3337,"D4(1);A1(1);D1(1);A4(1);D3(1);D2(1);A3(1);B2(1);D3(2);B3(1);D2(2);D3(3);D1(2);D4(2);D2(3);B2(2);B2(3);A1(2);B3(2);A2(1);C2(1);A4(2);A3(2);A3(3);B3(3);A2(2);A2(3);A1(3);A1(4);B4(1);B1(1);B4(2);B4(3);D2(4);A3(4);A2(4);C1(1);D3(4);D1(3);D1(4);C1(2);C1(3);B1(2);B1(3);B2(4);B3(4);C1(4);C4(1);C4(2);C4(3);C4(4);B4(4);B1(4);C3(1);C3(2)"
86,2026-09-26T17:39:35.810225,5,Classic,Classic,39,White,2125,"D1(1);D4(1);A4(1);A1(1);B2(1);B2(2);B3(1);C2(1);D1(2);C3(1);B3(2);C4(1);C1(1);C3(2);B3(3);B3(4);C2(2);A4(2);A4(3);C3(3);C3(4);D4(2);A1(2);D4(3);D4(4);A1(3);B2(3);C1(2);D2(1);D1(3);B4(1);C2(3);C2(4);A1(4);D2(2);B1(1);D2(3);A2(1);D2(4)"
87,2026-09-26T17:39:38.814121,5,Classic,Classic,31,White,3001,"A4(1);A1(1);D1(1);D4(1);B2(1);B2(2);B3(1);C2(1);A4(2);C3(1);B3(2);C4(1);C1(1);C3(2);C2(2);D1(2);B4(1);B1(1);B3(3);B3(4);A4(3);C3(3);C3(4);A1(2);D4(2);C1(2);B1(2);D4(3);D4(4);A1(3);A4(4)"
88,2026-09-26T17:39:42.879387,5,Classic,Classic,42,Black,4063,"A1(1);D4(1);A1(2);D1(1);A4(1);D3(1);D2(1);A3(1);B2(1);D3(2);D3(3);D4(2);D2(2);D2(3);D4(3);D1(2);B3(1);B3(2);B2(2);B2(3);A2(1);C2(1);D2(4);A2(2);B4(1);B1(1);A4(2);C3(1);A3(2);A2(3);D4(4);D3(4);B4(2);B4(3);C4(1);B3(3);B2(4);A4(3);A4(4);A3(3);C2(2);A1(3)"
89,2026-09-26T17:39:46.732528,5,Classic,Classic,54,Black,3852,"A4(1);D1(1);A4(2);A4(3);A1(1);D4(1);A1(2);A3(1);A3(2);A1(3);D3(1);A1(4);A3(3);D4(2);A4(4);D1(2);D1(3);D3(2);D1(4);B2(1);D4(3);C2(1);A2(1);A2(2);D3(3);B2(2);B2(3);C1(1);D4(4);C4(1);C3(1);C2(2);C2(3);C1(2);B3(1);B3(2);B3(3);A3(4);D3(4);C4(2);C3(2);C3(3);C1(3);C2(4);A2(3);B2(4);A2(4);B3(4);C3(4);C1(4);B4(1);B4(2);B1(1);B1(2)"
90,2026-09-26T17:39:49.613102,5,Classic,Classic,29,White,2878,"A4(1);A1(1);D1(1);D4(1);C3(1);C3(2);B3(1);C2(1);D1(2);B2(1);B3(2);A2(1);D2(1);B2(2);A3(1);D3(1);B3(3);B3(4);C2(2);A4(2);A4(3);B2(3);B2(4);D4(2);A1(2);D4(3);D4(4);A1(3);A4(4)"
91,2026-09-26T17:39:52.723591,5,Classic,Classic,33,White,3110,"A4(1);A1(1);D1(1);D4(1);C3(1);C3(2);C2(1);B3(1);A4(2);B2(1);C2(2);B1(1);B4(1);B2(2);C1(1);C4(1);C2(3);C2(4);B3(2);D1(2);A4(3);A1(2);D4(2);B1(2);C1(2);B2(3);B2(4);B1(3);B1(4);A1(3);A1(4);C3(3);A4(4)"
92,2026-09-26T17:39:55.60697,5,Classic,Classic,27,White,2882,"D1(1);D4(1);A4(1);A1(1);C3(1);C3(2);C2(1);B3(1);A4(2);B2(1);C2(2);B1(1);B4(1);B2(2);C2(3);C2(4);B3(2);D1(2);D1(3);B2(3);B2(4);A1(2);D4(2);A1(3);A1(4);C3(3);D1(4)"
93,2026-09-26T17:39:58.771739,5,Classic,Classic,57,White,3163,"A4(1);A1(1);D1(1);D4(1);B2(1);B2(2);B3(1);C2(1);A4(2);C3(1);B3(2);C4(1);C1(1);C3(2);C2(2);D1(2);B3(3);B3(4);A4(3);D4(2);A1(2);C3(3);C3(4);D4(3);D4(4);A1(3);B2(3);D1(3);B2(4);B1(1);A3(1);C2(3);A2(1);C4(2);D2(1);C2(4);D1(4);B1(2);D3(1);A3(2);A2(2);B4(1);D2(2);A1(4);D2(3);A4(4);A2(3);B4(2);B4(3);A3(3);A3(4);B4(4);D3(2);B1(3);B1(4);C1(2);D2(4)"
94,2026-09-26T17:40:02.758032,5,Classic,Classic,27,White,3983,"A1(1);A4(1);D4(1);D1(1);C2(1);C2(2);C3(1);B2(1);D4(2);B3(1);C3(2);B4(1);B1(1);B3(2);C3(3);C3(4);B2(2);A1(2);D4(3);A4(2);D1(2);A4(3);A4(4);B3(3);B3(4);C2(3);D4(4)"
95,2026-09-26T17:40:09.160576,5,Classic,Classic,55,White,6401,"D1(1);A4(1);A1(1);D4(1);B1(1);C1(1);B4(1);C3(1);B1(2);B3(1);C1(2);B1(3);D1(2);A1(2);C1(3);C3(2);C3(3);D4(2);B3(2);C4(1);C2(1);A4(2);B4(2);B4(3);B3(3);C4(2);C4(3);A3(1);D3(1);A3(2);A3(3);A2(1);A2(2);A2(3);D4(3);C1(4);D4(4);B1(4);B4(4);C4(4);C3(4);B3(4);A2(4);A3(4);D2(1);D2(2);D2(3);D2(4);D1(3);D1(4);D3(2);D3(3);D3(4);B2(1);B2(2)"
96,2026-09-26T17:40:12.638042,5,Classic,Classic,29,White,3475,"A4(1);A1(1);D1(1);D4(1);C3(1);C3(2);C2(1);B3(1);A4(2);B2(1);C2(2);B1(1);B4(1);B2(2);C1(1);C4(1);B3(2);D1(2);C2(3);C2(4);D1(3);B2(3);B2(4);D4(2);A1(2);A1(3);A1(4);D4(3);D1(4)"
97,2026-09-26T17:40:15.36457,5,Classic,Classic,27,White,2725,"A1(1);D1(1);D4(1);A4(1);B3(1);B3(2);B2(1);C3(1);D4(2);C2(1);B2(2);C1(1);C4(1);C2(2);B2(3);B2(4);C3(2);A1(2);A1(3);D1(2);A4(2);C2(3);C2(4);D1(3);D1(4);B3(3);A1(4)"
98,2026-09-26T17:40:18.860229,5,Classic,Classic,31,White,3493,"D1(1);A1(1);A4(1);D4(1);B2(1);B2(2);C2(1);B3(1);D1(2);C3(1);C2(2);D3(1);A3(1);C3(2);C2(3);C2(4);D2(1);A2(1);B3(2);A4(2);D1(3);C3(3);C3(4);A1(2);D4(2);A3(2);A2(2);A1(3);A1(4);D4(3);D1(4)"
99,2026-09-26T17:40:21.009966,5,Classic,Classic,27,White,2147,"D4(1);D1(1);A1(1);A4(1);B3(1);B3(2);B2(1);C3(1);A1(2);C2(1);B2(2);C1(1);C4(1);C2(2);B2(3);B2(4);C3(2);D4(2);A1(3);C2(3);C2(4);A4(2);D1(2);A4(3);A4(4);D1(3);A1(4)"
100,2026-09-26T17:40:24.735267,5,Classic,Classic,46,Black,3723,"A1(1);D4(1);A1(2);A4(1);D1(1);C4(1);B4(1);C1(1);B2(1);C4(2);C4(3);D4(2);B4(2);B4(3);D4(3);A4(2);C2(1);C2(2);B2(2);B2(3);D2(1);A2(1);B1(1);B3(1);B4(4);B1(2);D1(2);C3(1);C1(2);B1(3);D4(4);C4(4);D2(2);D2(3);D3(1);C2(3);B2(4);D1(3);D1(4);C1(3);D3(2);D3(3);D3(4);D2(4);C3(2);C3(3)"
